ID	DOCULECT	CONCEPT	VALUE	FORM	TOKENS	MORPHEMES	ALIGNMENT	COGIDS	NOTE	SOURCE
1	Classical_Syriac	one	ܚܕ	ħað	ħ a ð/d	one	ħ a ð/d	1		Noeldeke1904SyriacGrammar;Robinson2013SyriacGrammar
2	Classical_Syriac	one	ܚܕܐ	ħðaː	ħ -/a ð/d + aː/-	one suff.fem.sg.	ħ -/a ð/d + aː/-	1 12		Noeldeke1904SyriacGrammar;Robinson2013SyriacGrammar
3	Classical_Syriac	two	ܬܪܝܢ	tren	t r e n	two	t r e n	2		Noeldeke1904SyriacGrammar;Robinson2013SyriacGrammar
4	Classical_Syriac	two	ܬܪܬܝܢ	tarten	t a/- r t/- e n	two	t a/- r t/- e n	2		Noeldeke1904SyriacGrammar;Robinson2013SyriacGrammar
5	Classical_Syriac	three	ܬܠܬ݂ܐ	tlaːθaː	t l aː θ/t + aː/-	three suff.masc.sg.	t l aː θ/t + aː/-	3 16		Noeldeke1904SyriacGrammar;Robinson2013SyriacGrammar
6	Classical_Syriac	three	ܬܠܬ݂	tlaːθ	t l aː θ/t	three	t l aː θ/t	3		Noeldeke1904SyriacGrammar;Robinson2013SyriacGrammar
7	Classical_Syriac	four	ܐܪܒܥܐ	ʔarbʕaː	ʔ a r b -/a ʕ + aː/-	four suff.masc.sg.	ʔ a r b -/a ʕ + aː/-	4 16		Noeldeke1904SyriacGrammar;Robinson2013SyriacGrammar
8	Classical_Syriac	four	ܐܪܒܥ	ʔarbaʕ	ʔ a r b a ʕ	four	ʔ a r b a ʕ	4		Noeldeke1904SyriacGrammar;Robinson2013SyriacGrammar
9	Classical_Syriac	five	ܚܡܫܐ	ħamʃaː	ħ a m -/e ʃ + aː/-	five suff.masc.sg.	ħ a m -/e ʃ + aː/-	5 16		Noeldeke1904SyriacGrammar;Robinson2013SyriacGrammar
10	Classical_Syriac	five	ܚܡܫ	ħameʃ	ħ a m e ʃ	five	ħ a m e ʃ	5		Noeldeke1904SyriacGrammar;Robinson2013SyriacGrammar
11	Classical_Syriac	six	ܫܬܐ	ʃtaː	ʃ -/e t + aː/-	six suff.masc.sg.	ʃ -/e t + aː/-	6 16		Noeldeke1904SyriacGrammar;Robinson2013SyriacGrammar
12	Classical_Syriac	six	ܐܫܬܐ	ʔeʃtaː	ʔ/- e/- ʃ -/e t + aː/-	six suff.masc.sg.	ʔ/- e/- ʃ -/e t + aː/-	6 16		Noeldeke1904SyriacGrammar;Robinson2013SyriacGrammar
13	Classical_Syriac	six	ܫܬ	ʃeθ	ʃ e θ/t	six	ʃ e θ/t	6		Noeldeke1904SyriacGrammar;Robinson2013SyriacGrammar
14	Classical_Syriac	seven	ܫܒܥܐ	ʃavʕaː	ʃ a/- v/b -/a ʕ + aː/-	seven suff.masc.sg.	ʃ a/- v/b -/a ʕ + aː/-	7 16		Noeldeke1904SyriacGrammar;Robinson2013SyriacGrammar
15	Classical_Syriac	seven	ܫܒܥ	ʃvaʕ	ʃ v/b a ʕ	seven	ʃ v/b a ʕ	7		Noeldeke1904SyriacGrammar;Robinson2013SyriacGrammar
16	Classical_Syriac	eight	ܬܡܢܝܐ	tmaːnjaː	t m aː n j/- -/e + aː/-	eight suff.masc.sg.	t m aː n j/- -/e + aː/-	8 16		Noeldeke1904SyriacGrammar;Robinson2013SyriacGrammar
17	Classical_Syriac	eight	ܬܡܢܐ	tmaːne	t m aː n e	eight	t m aː n e	8		Noeldeke1904SyriacGrammar;Robinson2013SyriacGrammar
18	Classical_Syriac	nine	ܬܫܥܐ	teʃʕaː	t e/- ʃ -/a ʕ + aː/-	nine suff.masc.sg.	t e/- ʃ -/a ʕ + aː/-	9 16		Noeldeke1904SyriacGrammar;Robinson2013SyriacGrammar
19	Classical_Syriac	nine	ܬܫܥ	tʃaʕ	t ʃ a ʕ	nine	t ʃ a ʕ	9		Noeldeke1904SyriacGrammar;Robinson2013SyriacGrammar
20	Classical_Syriac	ten	ܥܣܪܐ	ʕesraː	ʕ e/- s -/a r + aː/-	ten suff.masc.sg.	ʕ e/- s -/a r + aː/-	16 16		Noeldeke1904SyriacGrammar;Robinson2013SyriacGrammar
21	Classical_Syriac	ten	ܥܣܪ	ʕsar	ʕ s a r	ten	ʕ s a r	16		Noeldeke1904SyriacGrammar;Robinson2013SyriacGrammar
22	Classical_Syriac	eleven	ܚܕ݂ܥܣܪ	ħðaʕsar	ħ -/a ð/d a/- + ʕ s a r	one ten	ħ -/a ð/d a/- + ʕ s a r	1 16		Noeldeke1904SyriacGrammar;Robinson2013SyriacGrammar
23	Classical_Syriac	eleven	ܚܕ݂ܥܣܪܐ	ħðaʕesre	ħ -/a ð/d a/- + ʕ e/- s -/a r + e	one ten suff.fem.sg.	ħ -/a ð/d a/- + ʕ e/- s -/a r + e	1 16 16		Noeldeke1904SyriacGrammar;Robinson2013SyriacGrammar
24	Classical_Syriac	twelve	ܬܪܥܣܪ	treʕsar	t r e -/n + ʕ s a r	two ten	t r e -/n + ʕ s a r	2 16		Noeldeke1904SyriacGrammar;Robinson2013SyriacGrammar
25	Classical_Syriac	twelve	ܬܪܬܥܣܪܐ	tartaʕesre	t a/- r t/- a/e -/n + ʕ e/- s -/a r + e	two ten suff.fem.sg.	t a/- r t/- a/e -/n + ʕ e/- s -/a r + e	2 16 16		Noeldeke1904SyriacGrammar;Robinson2013SyriacGrammar
26	Classical_Syriac	thirteen	ܬܠܬ݂ܥܣܪ	tlaːθaʕsar	t l aː θ/t a/- + ʕ s a r	three ten	t l aː θ/t a/- + ʕ s a r	3 16		Noeldeke1904SyriacGrammar;Robinson2013SyriacGrammar
27	Classical_Syriac	thirteen	ܬܠܬ݂ܥܣܪܐ	tlaːθaʕesre	t l aː θ/t a/- + ʕ e/- s -/a r + e	three ten suff.fem.sg.	t l aː θ/t a/- + ʕ e/- s -/a r + e	3 16 16		Noeldeke1904SyriacGrammar;Robinson2013SyriacGrammar
28	Classical_Syriac	fourteen	ܐܪܒܥܬܥܣܪ	ʔarbaʕtaʕsar	ʔ a r b a ʕ + t/- a/- + ʕ s a r	four suff.masc.sg. ten	ʔ a r b a ʕ + t/- a/- + ʕ s a r	4 13 16		Noeldeke1904SyriacGrammar;Robinson2013SyriacGrammar
29	Classical_Syriac	fourteen	ܐܪܒܥܣܪܐ	ʔarbaʕesre	ʔ a r b a -/ʕ + ʕ e/- s -/a r + e	four ten suff.fem.sg.	ʔ a r b a -/ʕ + ʕ e/- s -/a r + e	4 16 16		Noeldeke1904SyriacGrammar;Robinson2013SyriacGrammar
30	Classical_Syriac	fifteen	ܚܡܫܬܥܣܪ	ħameʃtaʕsar	ħ a m e ʃ + t/- a/- + ʕ s a r	five suff.masc.sg. ten	ħ a m e ʃ + t/- a/- + ʕ s a r	5 13 16		Noeldeke1904SyriacGrammar;Robinson2013SyriacGrammar
31	Classical_Syriac	fifteen	ܚܡܫܥܣܪܐ	ħamʃaʕesre	ħ a m -/e ʃ a/- + ʕ e/- s -/a r + e	five ten suff.fem.sg.	ħ a m -/e ʃ a/- + ʕ e/- s -/a r + e	5 16 16		Noeldeke1904SyriacGrammar;Robinson2013SyriacGrammar
32	Classical_Syriac	sixteen	ܫܬܬܥܣܪ	ʃtaʕsar	ʃ -/e t a/- + ʕ s a r	six ten	ʃ -/e t a/- + ʕ s a r	6 16		Noeldeke1904SyriacGrammar;Robinson2013SyriacGrammar
33	Classical_Syriac	sixteen	ܫܬܬܥܣܪܐ	ʃtaʕesre	ʃ -/e t a/- + ʕ e/- s -/a r + e	six ten suff.fem.sg.	ʃ -/e t a/- + ʕ e/- s -/a r + e	6 16 16		Noeldeke1904SyriacGrammar;Robinson2013SyriacGrammar
34	Classical_Syriac	seventeen	ܫܒܬܥܣܪ	ʃvaʕtaʕsar	ʃ v/b a ʕ + t/- a/- + ʕ s a r	seven suff.masc.sg. ten	ʃ v/b a ʕ + t/- a/- + ʕ s a r	7 13 16		Noeldeke1904SyriacGrammar;Robinson2013SyriacGrammar
35	Classical_Syriac	seventeen	ܫܒܥܣܪܐ	ʃvaʕesre	ʃ v/b a -/ʕ + ʕ e/- s -/a r + e	seven ten suff.fem.sg.	ʃ v/b a -/ʕ + ʕ e/- s -/a r + e	7 16 16		Noeldeke1904SyriacGrammar;Robinson2013SyriacGrammar
36	Classical_Syriac	eighteen	ܬܡܢܬܥܣܪ	tmaːntaʕsar	t m aː n -/e + t/- a/- + ʕ s a r	eight suff.masc.sg. ten	t m aː n -/e + t/- a/- + ʕ s a r	8 13 16		Noeldeke1904SyriacGrammar;Robinson2013SyriacGrammar
37	Classical_Syriac	eighteen	ܬܡܢܥܣܪܐ	tmaːnaʕesre	t m aː n a/e + ʕ e/- s -/a r + e	eight ten suff.fem.sg.	t m aː n a/e + ʕ e/- s -/a r + e	8 16 16		Noeldeke1904SyriacGrammar;Robinson2013SyriacGrammar
38	Classical_Syriac	nineteen	ܬܫܥܣܪ	tʃaʕtaʕsar	t ʃ a ʕ + t/- a/- + ʕ s a r	nine suff.masc.sg. ten	t ʃ a ʕ + t/- a/- + ʕ s a r	9 13 16		Noeldeke1904SyriacGrammar;Robinson2013SyriacGrammar
39	Classical_Syriac	nineteen	ܬܫܥܬܥܣܪ	tʃaʕesre	t ʃ a -/ʕ + ʕ e/- s -/a r + e	nine ten suff.fem.sg.	t ʃ a -/ʕ + ʕ e/- s -/a r + e	9 16 16		Noeldeke1904SyriacGrammar;Robinson2013SyriacGrammar
40	Classical_Syriac	twenty	ܥܣܪܝܢ	ʕesrin	ʕ e/- s -/a r + i n	ten suff.pl.	ʕ e/- s -/a r + i n	16 10		Noeldeke1904SyriacGrammar;Robinson2013SyriacGrammar
41	Classical_Syriac	twenty one	ܥܣܪܝܢ ܘܚܕ	ʕesrinwħað	ʕ e/- s -/a r + i n + w + ħ a ð/d	ten suff.pl. and one	ʕ e/- s -/a r + i n + w + ħ a ð/d	16 10 11 1		Noeldeke1904SyriacGrammar;Robinson2013SyriacGrammar
42	Classical_Syriac	twenty one	ܥܣܪܝܢ ܘܚܕܐ	ʕesrinwaħðaː	ʕ e/- s -/a r + i n + w a/- + ħ -/a ð/d + aː/-	ten suff.pl. and one suff.fem.sg.	ʕ e/- s -/a r + i n + w a/- + ħ -/a ð/d + aː/-	16 10 11 1 12		Noeldeke1904SyriacGrammar;Robinson2013SyriacGrammar
43	Classical_Syriac	twenty two	ܥܣܪܝܢ ܘܬܪܝܢ	ʕesrinwaθren	ʕ e/- s -/a r + i n + w a/- + θ/t r e n	ten suff.pl. and two	ʕ e/- s -/a r + i n + w a/- + θ/t r e n	16 10 11 2		Noeldeke1904SyriacGrammar;Robinson2013SyriacGrammar
44	Classical_Syriac	twenty two	ܥܣܪܝܢ ܘܬܪܬܝܢ	ʕesrinwtarten	ʕ e/- s -/a r + i n + w + t a/- r t/- e n	ten suff.pl. and two	ʕ e/- s -/a r + i n + w + t a/- r t/- e n	16 10 11 2		Noeldeke1904SyriacGrammar;Robinson2013SyriacGrammar
45	Classical_Syriac	twenty three	ܥܣܪܝܢ ܘܬܠܬ݂ܐ	ʕesrinwaθlaːθaː	ʕ e/- s -/a r + i n + w a/- + θ/t l aː θ/t + aː/-	ten suff.pl. and three suff.masc.sg.	ʕ e/- s -/a r + i n + w a/- + θ/t l aː θ/t + aː	16 10 11 3 16		Noeldeke1904SyriacGrammar;Robinson2013SyriacGrammar
46	Classical_Syriac	twenty three	ܥܣܪܝܢ ܘܬܠܬ݂	ʕesrinwaθlaːθ	ʕ e/- s -/a r + i n + w a/- + θ/t l aː θ/t	ten suff.pl. and three	ʕ e/- s -/a r + i n + w a/- + θ/t l aː θ/t	16 10 11 3		Noeldeke1904SyriacGrammar;Robinson2013SyriacGrammar
47	Classical_Syriac	twenty four	ܥܣܪܝܢ ܘܐܪܒܥܐ	ʕesrinwʔarbʕaː	ʕ e/- s -/a r + i n + w + ʔ a r b -/a ʕ + aː/-	ten suff.pl. and four suff.masc.sg.	ʕ e/- s -/a r + i n + w + ʔ a r b -/a ʕ + aː	16 10 11 4 16		Noeldeke1904SyriacGrammar;Robinson2013SyriacGrammar
48	Classical_Syriac	twenty four	ܥܣܪܝܢ ܘܐܪܒܥ	ʕesrinwʔarbaʕ	ʕ e/- s -/a r + i n + w + ʔ a r b a ʕ	ten suff.pl. and four	ʕ e/- s -/a r + i n + w + ʔ a r b a ʕ	16 10 11 4		Noeldeke1904SyriacGrammar;Robinson2013SyriacGrammar
49	Classical_Syriac	twenty five	ܥܣܪܝܢ ܘܚܡܫܐ	ʕesrinwħamʃaː	ʕ e/- s -/a r + i n + w + ħ a m -/e ʃ + aː/-	ten suff.pl. and five suff.masc.sg.	ʕ e/- s -/a r + i n + w + ħ a m -/e ʃ + aː	16 10 11 5 16		Noeldeke1904SyriacGrammar;Robinson2013SyriacGrammar
50	Classical_Syriac	twenty five	ܥܣܪܝܢ ܘܚܡܫ	ʕesrinwħameʃ	ʕ e/- s -/a r + i n + w + ħ a m e ʃ	ten suff.pl. and five	ʕ e/- s -/a r + i n + w + ħ a m e ʃ	16 10 11 5		Noeldeke1904SyriacGrammar;Robinson2013SyriacGrammar
51	Classical_Syriac	twenty six	ܥܣܪܝܢ ܘܫܬܐ	ʕesrinwaʃtaː	ʕ e/- s -/a r + i n + w a/- + ʃ -/e t + aː/-	ten suff.pl. and six suff.masc.sg.	ʕ e/- s -/a r + i n + w a/- + ʃ -/e t + aː/-	16 10 11 6 16		Noeldeke1904SyriacGrammar;Robinson2013SyriacGrammar
52	Classical_Syriac	twenty six	ܥܣܪܝܢ ܘܫܬ	ʕesrinwʃeθ	ʕ e/- s -/a r + i n + w + ʃ e θ/t	ten suff.pl. and six	ʕ e/- s -/a r + i n + w + ʃ e θ/t	16 10 11 6		Noeldeke1904SyriacGrammar;Robinson2013SyriacGrammar
53	Classical_Syriac	twenty seven	ܥܣܪܝܢ ܘܫܒܥܐ	ʕesrinwʃavʕaː	ʕ e/- s -/a r + i n + w + ʃ a/- v/b -/a ʕ + aː/-	ten suff.pl. and seven suff.masc.sg.	ʕ e/- s -/a r + i n + w + ʃ a/- v/b -/a ʕ + aː	16 10 11 7 16		Noeldeke1904SyriacGrammar;Robinson2013SyriacGrammar
54	Classical_Syriac	twenty seven	ܥܣܪܝܢ ܘܫܒܥ	ʕesrinwaʃvaʕ	ʕ e/- s -/a r + i n + w a/- + ʃ v/b a ʕ	ten suff.pl. and seven	ʕ e/- s -/a r + i n + w a/- + ʃ v/b a ʕ	16 10 11 7		Noeldeke1904SyriacGrammar;Robinson2013SyriacGrammar
55	Classical_Syriac	twenty eight	ܥܣܪܝܢ ܘܬܡܢܝܐ	ʕesrinwaθmaːnjaː	ʕ e/- s -/a r + i n + w a/- + θ/t m aː n -/e j/- + aː/-	ten suff.pl. and eight suff.masc.sg.	ʕ e/- s -/a r + i n + w a/- + θ/t m aː n -/e j/- + aː	16 10 11 8 16		Noeldeke1904SyriacGrammar;Robinson2013SyriacGrammar
56	Classical_Syriac	twenty eight	ܥܣܪܝܢ ܘܬܡܢܐ	ʕesrinwaθmaːne	ʕ e/- s -/a r + i n + w a/- + θ/t m aː n e	ten suff.pl. and eight	ʕ e/- s -/a r + i n + w a/- + θ/t m aː n e	16 10 11 8		Noeldeke1904SyriacGrammar;Robinson2013SyriacGrammar
57	Classical_Syriac	twenty nine	ܥܣܪܝܢ ܘܬܫܥܐ	ʕesrinwteʃʕaː	ʕ e/- s -/a r + i n + w + t e/- ʃ -/a ʕ + aː/-	ten suff.pl. and nine suff.masc.sg.	ʕ e/- s -/a r + i n + w + t e/- ʃ -/a ʕ + aː	16 10 11 9 16		Noeldeke1904SyriacGrammar;Robinson2013SyriacGrammar
58	Classical_Syriac	twenty nine	ܥܣܪܝܢ ܘܬܫܥ	ʕesrinwaθʃaʕ	ʕ e/- s -/a r + i n + w a/- + θ/t ʃ a ʕ	ten suff.pl. and nine	ʕ e/- s -/a r + i n + w a/- + θ/t ʃ a ʕ	16 10 11 9		Noeldeke1904SyriacGrammar;Robinson2013SyriacGrammar
59	Classical_Syriac	thirty	ܬܠܬܝܢ	tlaːθin	t l aː θ/t + i n	three suff.pl.	t l aː θ/t + i n	3 10		Noeldeke1904SyriacGrammar;Robinson2013SyriacGrammar
60	Classical_Syriac	thirty one	ܬܠܬܝܢ ܘܚܕ	tlaːθinwħað	t l aː θ/t + i n + w + ħ a ð/d	three suff.pl. and one	t l aː θ/t + i n + w + ħ a ð/d	3 10 11 1		Noeldeke1904SyriacGrammar;Robinson2013SyriacGrammar
61	Classical_Syriac	thirty one	ܬܠܬܝܢ ܘܚܕܐ	tlaːθinwaħðaː	t l aː θ/t + i n + w a/- + ħ -/a ð/d + aː/-	three suff.pl. and one suff.fem.sg.	t l aː θ/t + i n + w a/- + ħ -/a ð/d + aː/-	3 10 11 1 12		Noeldeke1904SyriacGrammar;Robinson2013SyriacGrammar
62	Classical_Syriac	thirty two	ܬܠܬܝܢ ܘܬܪܝܢ	tlaːθinwaθren	t l aː θ/t + i n + w a/- + θ/t r e n	three suff.pl. and two	t l aː θ/t + i n + w a/- + θ/t r e n	3 10 11 2		Noeldeke1904SyriacGrammar;Robinson2013SyriacGrammar
63	Classical_Syriac	thirty two	ܬܠܬܝܢ ܘܬܪܬܝܢ	tlaːθinwtarten	t l aː θ/t + i n + w + t a/- r t/- e n	three suff.pl. and two	t l aː θ/t + i n + w + t a/- r t/- e n	3 10 11 2		Noeldeke1904SyriacGrammar;Robinson2013SyriacGrammar
64	Classical_Syriac	thirty three	ܬܠܬܝܢ ܘܬܠܬ݂ܐ	tlaːθinwaθlaːθaː	t l aː θ/t + i n + w a/- + θ/t l aː θ/t + aː/-	three suff.pl. and three suff.masc.sg.	t l aː θ/t + i n + w a/- + θ/t l aː θ/t + aː	3 10 11 3 16		Noeldeke1904SyriacGrammar;Robinson2013SyriacGrammar
65	Classical_Syriac	thirty three	ܬܠܬܝܢ ܘܬܠܬ݂	tlaːθinwaθlaːθ	t l aː θ/t + i n + w a/- + θ/t l aː θ/t	three suff.pl. and three	t l aː θ/t + i n + w a/- + θ/t l aː θ/t	3 10 11 3		Noeldeke1904SyriacGrammar;Robinson2013SyriacGrammar
66	Classical_Syriac	thirty four	ܬܠܬܝܢ ܘܐܪܒܥܐ	tlaːθinwʔarbʕaː	t l aː θ/t + i n + w + ʔ a r b -/a ʕ + aː/-	three suff.pl. and four suff.masc.sg.	t l aː θ/t + i n w ʔ a r b ʕ aː	3 10 11 4 16		Noeldeke1904SyriacGrammar;Robinson2013SyriacGrammar
67	Classical_Syriac	thirty four	ܬܠܬܝܢ ܘܐܪܒܥ	tlaːθinwʔarbaʕ	t l aː θ/t + i n + w + ʔ a r b a ʕ	three suff.pl. and four	t l aː θ/t + i n w ʔ a r b a ʕ	3 10 11 4		Noeldeke1904SyriacGrammar;Robinson2013SyriacGrammar
68	Classical_Syriac	thirty five	ܬܠܬܝܢ ܘܚܡܫܐ	tlaːθinwħamʃaː	t l aː θ/t + i n + w + ħ a m -/e ʃ + aː/-	three suff.pl. and five suff.masc.sg.	t l aː θ/t + i n w ħ a m ʃ aː	3 10 11 5 16		Noeldeke1904SyriacGrammar;Robinson2013SyriacGrammar
69	Classical_Syriac	thirty five	ܬܠܬܝܢ ܘܚܡܫ	tlaːθinwħameʃ	t l aː θ/t + i n + w + ħ a m e ʃ	three suff.pl. and five	t l aː θ/t + i n w ħ a m e ʃ	3 10 11 5		Noeldeke1904SyriacGrammar;Robinson2013SyriacGrammar
70	Classical_Syriac	thirty six	ܬܠܬܝܢ ܘܫܬܐ	tlaːθinwaʃtaː	t l aː θ/t + i n + w a/- + ʃ -/e t + aː/-	three suff.pl. and six suff.masc.sg.	t l aː θ/t + i n w a ʃ t aː	3 10 11 6 16		Noeldeke1904SyriacGrammar;Robinson2013SyriacGrammar
71	Classical_Syriac	thirty six	ܬܠܬܝܢ ܘܫܬ	tlaːθinwʃeθ	t l aː θ/t + i n + w + ʃ e θ/t	three suff.pl. and six	t l aː θ/t + i n w ʃ e θ/t	3 10 11 6		Noeldeke1904SyriacGrammar;Robinson2013SyriacGrammar
72	Classical_Syriac	thirty seven	ܬܠܬܝܢ ܘܫܒܥܐ	tlaːθinwʃavʕaː	t l aː θ/t + i n + w + ʃ a/- v/b -/a ʕ + aː/-	three suff.pl. and seven suff.masc.sg.	t l aː θ/t + i n w ʃ a v/b ʕ aː	3 10 11 7 16		Noeldeke1904SyriacGrammar;Robinson2013SyriacGrammar
73	Classical_Syriac	thirty seven	ܬܠܬܝܢ ܘܫܒܥ	tlaːθinwaʃvaʕ	t l aː θ/t + i n + w a/- + ʃ v/b a ʕ	three suff.pl. and seven	t l aː θ/t + i n w a ʃ v/b a ʕ	3 10 11 7		Noeldeke1904SyriacGrammar;Robinson2013SyriacGrammar
74	Classical_Syriac	thirty eight	ܬܠܬܝܢ ܘܬܡܢܝܐ	tlaːθinwaθmaːnjaː	t l aː θ/t + i n + w a/- + θ/t m aː n -/e j/- + aː/-	three suff.pl. and eight suff.masc.sg.	t l aː θ/t + i n + w a/- + θ/t m aː n -/e j/- + aː/-	3 10 11 8 16		Noeldeke1904SyriacGrammar;Robinson2013SyriacGrammar
75	Classical_Syriac	thirty eight	ܬܠܬܝܢ ܘܬܡܢܐ	tlaːθinwaθmaːne	t l aː θ/t + i n + w a/- + θ/t m aː n e	three suff.pl. and eight	t l aː θ/t + i n w a θ/t m aː n e	3 10 11 8		Noeldeke1904SyriacGrammar;Robinson2013SyriacGrammar
76	Classical_Syriac	thirty nine	ܬܠܬܝܢ ܘܬܫܥܐ	tlaːθinwteʃʕaː	t l aː θ/t + i n + w + t e/- ʃ -/a ʕ + aː/-	three suff.pl. and nine suff.masc.sg.	t l aː θ/t + i n w t e ʃ ʕ aː	3 10 11 9 16		Noeldeke1904SyriacGrammar;Robinson2013SyriacGrammar
77	Classical_Syriac	thirty nine	ܬܠܬܝܢ ܘܬܫܥ	tlaːθinwaθʃaʕ	t l aː θ/t + i n + w a/- + θ/t ʃ a ʕ	three suff.pl. and nine	t l aː θ/t + i n w a θ/t ʃ a ʕ	3 10 11 9		Noeldeke1904SyriacGrammar;Robinson2013SyriacGrammar
78	Classical_Syriac	forty	ܐܪܒܥܬܝܢ	ʔarbʕin	ʔ a r b -/a ʕ + i n	four suff.pl.	ʔ a r b -/a ʕ + i n	4 10		Noeldeke1904SyriacGrammar;Robinson2013SyriacGrammar
79	Classical_Syriac	forty one	ܐܪܒܥܬܝܢ ܘܚܕ	ʔarbʕinwħað	ʔ a r b -/a ʕ + i n + w + ħ a ð/d	four suff.pl. and one	ʔ a r b -/a ʕ + i n + w + ħ a ð/d	4 10 11 1		Noeldeke1904SyriacGrammar;Robinson2013SyriacGrammar
80	Classical_Syriac	forty one	ܐܪܒܥܬܝܢ ܘܚܕܐ	ʔarbʕinwaħðaː	ʔ a r b -/a ʕ + i n + w a/- + ħ -/a ð/d + aː/-	four suff.pl. and one suff.fem.sg.	ʔ a r b -/a ʕ + i n + w a/- + ħ -/a ð/d + aː/-	4 10 11 1 12		Noeldeke1904SyriacGrammar;Robinson2013SyriacGrammar
81	Classical_Syriac	forty two	ܐܪܒܥܬܝܢ ܘܬܪܝܢ	ʔarbʕinwaθren	ʔ a r b -/a ʕ + i n + w a/- + θ/t r e n	four suff.pl. and two	ʔ a r b -/a ʕ + i n + w a/- + θ/t r e n	4 10 11 2		Noeldeke1904SyriacGrammar;Robinson2013SyriacGrammar
82	Classical_Syriac	forty two	ܐܪܒܥܬܝܢ ܘܬܪܬܝܢ	ʔarbʕinwtarten	ʔ a r b -/a ʕ + i n + w + t a/- r t/- e n	four suff.pl. and two	ʔ a r b -/a ʕ + i n + w + t a/- r t/- e n	4 10 11 2		Noeldeke1904SyriacGrammar;Robinson2013SyriacGrammar
83	Classical_Syriac	forty three	ܐܪܒܥܬܝܢ ܘܬܠܬ݂ܐ	ʔarbʕinwaθlaːθaː	ʔ a r b -/a ʕ + i n + w a/- + θ/t l aː θ/t + aː/-	four suff.pl. and three suff.masc.sg.	ʔ a r b -/a ʕ + i n + w a/- + θ/t l aː θ/t + aː/-	4 10 11 3 16		Noeldeke1904SyriacGrammar;Robinson2013SyriacGrammar
84	Classical_Syriac	forty three	ܐܪܒܥܬܝܢ ܘܬܠܬ݂	ʔarbʕinwaθlaːθ	ʔ a r b -/a ʕ + i n + w a/- + θ/t l aː θ/t	four suff.pl. and three	ʔ a r b -/a ʕ + i n + w a/- + θ/t l aː θ/t	4 10 11 3		Noeldeke1904SyriacGrammar;Robinson2013SyriacGrammar
85	Classical_Syriac	forty four	ܐܪܒܥܬܝܢ ܘܐܪܒܥܐ	ʔarbʕinwʔarbʕaː	ʔ a r b -/a ʕ + i n + w + ʔ a r b -/a ʕ + aː/-	four suff.pl. and four suff.masc.sg.	ʔ a r b -/a ʕ + i n + w + ʔ a r b -/a ʕ + aː/-	4 10 11 4 16		Noeldeke1904SyriacGrammar;Robinson2013SyriacGrammar
86	Classical_Syriac	forty four	ܐܪܒܥܬܝܢ ܘܐܪܒܥ	ʔarbʕinwʔarbaʕ	ʔ a r b -/a ʕ + i n + w + ʔ a r b a ʕ	four suff.pl. and four	ʔ a r b -/a ʕ + i n + w + ʔ a r b a ʕ	4 10 11 4		Noeldeke1904SyriacGrammar;Robinson2013SyriacGrammar
87	Classical_Syriac	forty five	ܐܪܒܥܬܝܢ ܘܚܡܫܐ	ʔarbʕinwħamʃaː	ʔ a r b -/a ʕ + i n + w + ħ a m -/e ʃ + aː/-	four suff.pl. and five suff.masc.sg.	ʔ a r b -/a ʕ + i n + w + ħ a m -/e ʃ + aː/-	4 10 11 5 16		Noeldeke1904SyriacGrammar;Robinson2013SyriacGrammar
88	Classical_Syriac	forty five	ܐܪܒܥܬܝܢ ܘܚܡܫ	ʔarbʕinwħameʃ	ʔ a r b -/a ʕ + i n + w + ħ a m e ʃ	four suff.pl. and five	ʔ a r b -/a ʕ + i n + w + ħ a m e ʃ	4 10 11 5		Noeldeke1904SyriacGrammar;Robinson2013SyriacGrammar
89	Classical_Syriac	forty six	ܐܪܒܥܬܝܢ ܘܫܬܐ	ʔarbʕinwaʃtaː	ʔ a r b -/a ʕ + i n + w a/- + ʃ -/e t + aː/-	four suff.pl. and six suff.masc.sg.	ʔ a r b -/a ʕ + i n + w a/- + ʃ -/e t + aː/-	4 10 11 6 16		Noeldeke1904SyriacGrammar;Robinson2013SyriacGrammar
90	Classical_Syriac	forty six	ܐܪܒܥܬܝܢ ܘܫܬ	ʔarbʕinwʃeθ	ʔ a r b -/a ʕ + i n + w + ʃ e θ/t	four suff.pl. and six	ʔ a r b -/a ʕ + i n + w + ʃ e θ/t	4 10 11 6		Noeldeke1904SyriacGrammar;Robinson2013SyriacGrammar
91	Classical_Syriac	forty seven	ܐܪܒܥܬܝܢ ܘܫܒܥܐ	ʔarbʕinwʃavʕaː	ʔ a r b -/a ʕ + i n + w + ʃ a/- v/b -/a ʕ + aː/-	four suff.pl. and seven suff.masc.sg.	ʔ a r b -/a ʕ + i n + w + ʃ a/- v/b -/a ʕ + aː/-	4 10 11 7 16		Noeldeke1904SyriacGrammar;Robinson2013SyriacGrammar
92	Classical_Syriac	forty seven	ܐܪܒܥܬܝܢ ܘܫܒܥ	ʔarbʕinwaʃvaʕ	ʔ a r b -/a ʕ + i n + w a/- + ʃ v/b a ʕ	four suff.pl. and seven	ʔ a r b -/a ʕ + i n + w a/- + ʃ v/b a ʕ	4 10 11 7		Noeldeke1904SyriacGrammar;Robinson2013SyriacGrammar
93	Classical_Syriac	forty eight	ܐܪܒܥܬܝܢ ܘܬܡܢܝܐ	ʔarbʕinwaθmaːnjaː	ʔ a r b -/a ʕ + i n + w a/- + θ/t m aː n -/e j/- + aː/-	four suff.pl. and eight suff.masc.sg.	ʔ a r b -/a ʕ + i n + w a/- + θ/t m aː n -/e j/- + aː/-	4 10 11 8 16		Noeldeke1904SyriacGrammar;Robinson2013SyriacGrammar
94	Classical_Syriac	forty eight	ܐܪܒܥܬܝܢ ܘܬܡܢܐ	ʔarbʕinwaθmaːne	ʔ a r b -/a ʕ + i n + w a/- + θ/t m aː n e	four suff.pl. and eight	ʔ a r b -/a ʕ + i n + w a/- + θ/t m aː n e	4 10 11 8		Noeldeke1904SyriacGrammar;Robinson2013SyriacGrammar
95	Classical_Syriac	forty nine	ܐܪܒܥܬܝܢ ܘܬܫܥܐ	ʔarbʕinwteʃʕaː	ʔ a r b -/a ʕ + i n + w + t e/- ʃ -/a ʕ + aː/-	four suff.pl. and nine suff.masc.sg.	ʔ a r b -/a ʕ + i n + w + t e/- ʃ -/a ʕ + aː/-	4 10 11 9 16		Noeldeke1904SyriacGrammar;Robinson2013SyriacGrammar
96	Classical_Syriac	forty nine	ܐܪܒܥܬܝܢ ܘܬܫܥ	ʔarbʕinwaθʃaʕ	ʔ a r b -/a ʕ + i n + w a/- + θ/t ʃ a ʕ	four suff.pl. and nine	ʔ a r b -/a ʕ + i n + w a/- + θ/t ʃ a ʕ	4 10 11 9		Noeldeke1904SyriacGrammar;Robinson2013SyriacGrammar
97	Classical_Syriac	fifty	ܚܡܫܝܢ	ħamʃin	ħ a m -/e ʃ + i n	five suff.pl.	ħ a m -/e ʃ + i n	5 10		Noeldeke1904SyriacGrammar;Robinson2013SyriacGrammar
98	Classical_Syriac	fifty one	ܚܡܫܝܢ ܘܚܕ	ħamʃinwħað	ħ a m -/e ʃ + i n + w + ħ a ð/d	five suff.pl. and one	ħ a m -/e ʃ + i n + w + ħ a ð/d	5 10 11 1		Noeldeke1904SyriacGrammar;Robinson2013SyriacGrammar
99	Classical_Syriac	fifty one	ܚܡܫܝܢ ܘܚܕܐ	ħamʃinwaħðaː	ħ a m -/e ʃ + i n + w a/- + ħ -/a ð/d + aː/-	five suff.pl. and one suff.fem.sg.	ħ a m -/e ʃ + i n + w a/- + ħ -/a ð/d + aː/-	5 10 11 1 12		Noeldeke1904SyriacGrammar;Robinson2013SyriacGrammar
100	Classical_Syriac	fifty two	ܚܡܫܝܢ ܘܬܪܝܢ	ħamʃinwaθren	ħ a m -/e ʃ + i n + w a/- + θ/t r e n	five suff.pl. and two	ħ a m -/e ʃ + i n + w a/- + θ/t r e n	5 10 11 2		Noeldeke1904SyriacGrammar;Robinson2013SyriacGrammar
101	Classical_Syriac	fifty two	ܚܡܫܝܢ ܘܬܪܬܝܢ	ħamʃinwtarten	ħ a m -/e ʃ + i n + w + t a/- r t/- e n	five suff.pl. and two	ħ a m -/e ʃ + i n + w + t a/- r t/- e n	5 10 11 2		Noeldeke1904SyriacGrammar;Robinson2013SyriacGrammar
102	Classical_Syriac	fifty three	ܚܡܫܝܢ ܘܬܠܬ݂ܐ	ħamʃinwaθlaːθaː	ħ a m -/e ʃ + i n + w a/- + θ/t l aː θ/t + aː/-	five suff.pl. and three suff.masc.sg.	ħ a m -/e ʃ + i n + w a/- + θ/t l aː θ/t + aː/-	5 10 11 3 16		Noeldeke1904SyriacGrammar;Robinson2013SyriacGrammar
103	Classical_Syriac	fifty three	ܚܡܫܝܢ ܘܬܠܬ݂	ħamʃinwaθlaːθ	ħ a m -/e ʃ + i n + w a/- + θ/t l aː θ/t	five suff.pl. and three	ħ a m -/e ʃ + i n + w a/- + θ/t l aː θ/t	5 10 11 3		Noeldeke1904SyriacGrammar;Robinson2013SyriacGrammar
104	Classical_Syriac	fifty four	ܚܡܫܝܢ ܘܐܪܒܥܐ	ħamʃinwʔarbʕaː	ħ a m -/e ʃ + i n + w + ʔ a r b -/a ʕ + aː/-	five suff.pl. and four suff.masc.sg.	ħ a m -/e ʃ + i n + w + ʔ a r b -/a ʕ + aː/-	5 10 11 4 16		Noeldeke1904SyriacGrammar;Robinson2013SyriacGrammar
105	Classical_Syriac	fifty four	ܚܡܫܝܢ ܘܐܪܒܥ	ħamʃinwʔarbaʕ	ħ a m -/e ʃ + i n + w + ʔ a r b a ʕ	five suff.pl. and four	ħ a m -/e ʃ + i n + w + ʔ a r b a ʕ	5 10 11 4		Noeldeke1904SyriacGrammar;Robinson2013SyriacGrammar
106	Classical_Syriac	fifty five	ܚܡܫܝܢ ܘܚܡܫܐ	ħamʃinwħamʃaː	ħ a m -/e ʃ + i n + w + ħ a m -/e ʃ + aː/-	five suff.pl. and five suff.masc.sg.	ħ a m -/e ʃ + i n + w + ħ a m -/e ʃ + aː/-	5 10 11 5 16		Noeldeke1904SyriacGrammar;Robinson2013SyriacGrammar
107	Classical_Syriac	fifty five	ܚܡܫܝܢ ܘܚܡܫ	ħamʃinwħameʃ	ħ a m -/e ʃ + i n + w + ħ a m e ʃ	five suff.pl. and five	ħ a m -/e ʃ + i n + w + ħ a m e ʃ	5 10 11 5		Noeldeke1904SyriacGrammar;Robinson2013SyriacGrammar
108	Classical_Syriac	fifty six	ܚܡܫܝܢ ܘܫܬܐ	ħamʃinwaʃtaː	ħ a m -/e ʃ + i n + w a/- + ʃ -/e t + aː/-	five suff.pl. and six suff.masc.sg.	ħ a m -/e ʃ + i n + w a/- + ʃ -/e t + aː/-	5 10 11 6 16		Noeldeke1904SyriacGrammar;Robinson2013SyriacGrammar
109	Classical_Syriac	fifty six	ܚܡܫܝܢ ܘܫܬ	ħamʃinwʃeθ	ħ a m -/e ʃ + i n + w + ʃ e θ/t	five suff.pl. and six	ħ a m -/e ʃ + i n + w + ʃ e θ/t	5 10 11 6		Noeldeke1904SyriacGrammar;Robinson2013SyriacGrammar
110	Classical_Syriac	fifty seven	ܚܡܫܝܢ ܘܫܒܥܐ	ħamʃinwʃavʕaː	ħ a m -/e ʃ + i n + w + ʃ a/- v/b -/a ʕ + aː/-	five suff.pl. and seven suff.masc.sg.	ħ a m -/e ʃ + i n + w + ʃ a/- v/b -/a ʕ + aː/-	5 10 11 7 16		Noeldeke1904SyriacGrammar;Robinson2013SyriacGrammar
111	Classical_Syriac	fifty seven	ܚܡܫܝܢ ܘܫܒܥ	ħamʃinwaʃvaʕ	ħ a m -/e ʃ + i n + w a/- + ʃ v/b a ʕ	five suff.pl. and seven	ħ a m -/e ʃ + i n + w a/- + ʃ v/b a ʕ	5 10 11 7		Noeldeke1904SyriacGrammar;Robinson2013SyriacGrammar
112	Classical_Syriac	fifty eight	ܚܡܫܝܢ ܘܬܡܢܝܐ	ħamʃinwaθmaːnjaː	ħ a m -/e ʃ + i n + w a/- + θ/t m aː n -/e j/- + aː/-	five suff.pl. and eight suff.masc.sg.	ħ a m -/e ʃ + i n + w a/- + θ/t m aː n -/e j/- + aː/-	5 10 11 8 16		Noeldeke1904SyriacGrammar;Robinson2013SyriacGrammar
113	Classical_Syriac	fifty eight	ܚܡܫܝܢ ܘܬܡܢܐ	ħamʃinwaθmaːne	ħ a m -/e ʃ + i n + w a/- + θ/t m aː n e	five suff.pl. and eight	ħ a m -/e ʃ + i n + w a/- + θ/t m aː n e	5 10 11 8		Noeldeke1904SyriacGrammar;Robinson2013SyriacGrammar
114	Classical_Syriac	fifty nine	ܚܡܫܝܢ ܘܬܫܥܐ	ħamʃinwteʃʕaː	ħ a m -/e ʃ + i n + w + t e/- ʃ -/a ʕ + aː/-	five suff.pl. and nine suff.masc.sg.	ħ a m -/e ʃ + i n + w + t e/- ʃ -/a ʕ + aː/-	5 10 11 9 16		Noeldeke1904SyriacGrammar;Robinson2013SyriacGrammar
115	Classical_Syriac	fifty nine	ܚܡܫܝܢ ܘܬܫܥ	ħamʃinwaθʃaʕ	ħ a m -/e ʃ + i n + w a/- + θ/t ʃ a ʕ	five suff.pl. and nine	ħ a m -/e ʃ + i n + w a/- + θ/t ʃ a ʕ	5 10 11 9		Noeldeke1904SyriacGrammar;Robinson2013SyriacGrammar
116	Classical_Syriac	sixty	ܐܫܬܝܢ	ʔeʃtin	ʔ/- e/- ʃ -/e t + i n	six suff.pl.	ʔ/- e/- ʃ -/e t + i n	6 10		Noeldeke1904SyriacGrammar;Robinson2013SyriacGrammar
135	Classical_Syriac	sixty	ܫܬܝܢ	ʃtin	ʃ -/e t + i n	six suff.pl.	ʃ -/e t + i n	6 10		Noeldeke1904SyriacGrammar;Robinson2013SyriacGrammar
117	Classical_Syriac	sixty one	ܐܫܬܝܢ ܘܚܕ	ʔeʃtinwħað	ʔ/- e/- ʃ -/e t + i n + w + ħ a ð/d	six suff.pl. and one	ʔ/- e/- ʃ -/e t + i n + w + ħ a ð/d	6 10 11 1		Noeldeke1904SyriacGrammar;Robinson2013SyriacGrammar
118	Classical_Syriac	sixty one	ܐܫܬܝܢ ܘܚܕܐ	ʔeʃtinwaħðaː	ʔ/- e/- ʃ -/e t + i n + w a/- + ħ -/a ð/d + aː/-	six suff.pl. and one suff.fem.sg.	ʔ/- e/- ʃ -/e t + i n + w a/- + ħ -/a ð/d + aː/-	6 10 11 1 12		Noeldeke1904SyriacGrammar;Robinson2013SyriacGrammar
136	Classical_Syriac	sixty one	ܫܬܝܢ ܘܚܕ	ʃtinwħað	ʔ/- e/- ʃ -/e t + i n + w + ħ a ð/d	six suff.pl. and one	ʔ/- e/- ʃ -/e t + i n + w + ħ a ð/d	6 10 11 1		Noeldeke1904SyriacGrammar;Robinson2013SyriacGrammar
137	Classical_Syriac	sixty one	ܫܬܝܢ ܘܚܕܐ	ʃtinwaħðaː	ʔ/- e/- ʃ -/e t + i n + w a/- + ħ -/a ð/d + aː/-	six suff.pl. and one suff.fem.sg.	ʔ/- e/- ʃ -/e t + i n + w a/- + ħ -/a ð/d + aː/-	6 10 11 1 12		Noeldeke1904SyriacGrammar;Robinson2013SyriacGrammar
119	Classical_Syriac	sixty two	ܐܫܬܝܢ ܘܬܪܝܢ	ʔeʃtinwaθren	ʔ/- e/- ʃ -/e t + i n + w a/- + θ/t r e n	six suff.pl. and two	ʔ/- e/- ʃ -/e t + i n + w a/- + θ/t r e n	6 10 11 2		Noeldeke1904SyriacGrammar;Robinson2013SyriacGrammar
120	Classical_Syriac	sixty two	ܐܫܬܝܢ ܘܬܪܬܝܢ	ʔeʃtinwtarten	ʔ/- e/- ʃ -/e t + i n + w + t a/- r t/- e n	six suff.pl. and two	ʔ/- e/- ʃ -/e t + i n + w + t a/- r t/- e n	6 10 11 2		Noeldeke1904SyriacGrammar;Robinson2013SyriacGrammar
138	Classical_Syriac	sixty two	ܫܬܝܢ ܘܬܪܝܢ	ʃtinwaθren	ʃ -/e t + i n + w a/- + θ/t r e n	six suff.pl. and two	ʃ -/e t + i n + w a/- + θ/t r e n	6 10 11 2		Noeldeke1904SyriacGrammar;Robinson2013SyriacGrammar
139	Classical_Syriac	sixty two	ܫܬܝܢ ܘܬܪܬܝܢ	ʃtinwtarten	ʃ -/e t + i n + w + t a/- r t/- e n	six suff.pl. and two	ʃ -/e t + i n + w + t a/- r t/- e n	6 10 11 2		Noeldeke1904SyriacGrammar;Robinson2013SyriacGrammar
121	Classical_Syriac	sixty three	ܐܫܬܝܢ ܘܬܠܬ݂ܐ	ʔeʃtinwaθlaːθaː	ʔ/- e/- ʃ -/e t + i n + w a/- + θ/t l aː θ/t + aː/-	six suff.pl. and three suff.masc.sg.	ʔ/- e/- ʃ -/e t + i n + w a/- + θ/t l aː θ/t + aː/-	6 10 11 3 16		Noeldeke1904SyriacGrammar;Robinson2013SyriacGrammar
122	Classical_Syriac	sixty three	ܐܫܬܝܢ ܘܬܠܬ݂	ʔeʃtinwaθlaːθ	ʔ/- e/- ʃ -/e t + i n + w a/- + θ/t l aː θ/t	six suff.pl. and three	ʔ/- e/- ʃ -/e t + i n + w a/- + θ/t l aː θ/t	6 10 11 3		Noeldeke1904SyriacGrammar;Robinson2013SyriacGrammar
140	Classical_Syriac	sixty three	ܫܬܝܢ ܘܬܠܬ݂ܐ	ʃtinwaθlaːθaː	ʃ -/e t + i n + w a/- + θ/t l aː θ/t + aː/-	six suff.pl. and three suff.masc.sg.	ʃ -/e t + i n + w a/- + θ/t l aː θ/t + aː/-	6 10 11 3 16		Noeldeke1904SyriacGrammar;Robinson2013SyriacGrammar
141	Classical_Syriac	sixty three	ܫܬܝܢ ܘܬܠܬ݂	ʃtinwaθlaːθ	ʃ -/e t + i n + w a/- + θ/t l aː θ/t	six suff.pl. and three	ʃ -/e t + i n + w a/- + θ/t l aː θ/t	6 10 11 3		Noeldeke1904SyriacGrammar;Robinson2013SyriacGrammar
123	Classical_Syriac	sixty four	ܐܫܬܝܢ ܘܐܪܒܥܐ	ʔeʃtinwʔarbʕaː	ʔ/- e/- ʃ -/e t + i n + w + ʔ a r b -/a ʕ + aː/-	six suff.pl. and four suff.masc.sg.	ʔ/- e/- ʃ -/e t + i n + w + ʔ a r b -/a ʕ + aː/-	6 10 11 4 16		Noeldeke1904SyriacGrammar;Robinson2013SyriacGrammar
124	Classical_Syriac	sixty four	ܐܫܬܝܢ ܘܐܪܒܥ	ʔeʃtinwʔarbaʕ	ʔ/- e/- ʃ -/e t + i n + w + ʔ a r b a ʕ	six suff.pl. and four	ʔ/- e/- ʃ -/e t + i n + w + ʔ a r b a ʕ	6 10 11 4		Noeldeke1904SyriacGrammar;Robinson2013SyriacGrammar
142	Classical_Syriac	sixty four	ܫܬܝܢ ܘܐܪܒܥܐ	ʃtinwʔarbʕaː	ʃ -/e t + i n + w + ʔ a r b -/a ʕ + aː/-	six suff.pl. and four suff.masc.sg.	ʃ -/e t + i n + w + ʔ a r b -/a ʕ + aː/-	6 10 11 4 16		Noeldeke1904SyriacGrammar;Robinson2013SyriacGrammar
143	Classical_Syriac	sixty four	ܫܬܝܢ ܘܐܪܒܥ	ʃtinwʔarbaʕ	ʃ -/e t + i n + w + ʔ a r b a ʕ	six suff.pl. and four	ʃ -/e t + i n + w + ʔ a r b a ʕ	6 10 11 4		Noeldeke1904SyriacGrammar;Robinson2013SyriacGrammar
125	Classical_Syriac	sixty five	ܐܫܬܝܢ ܘܚܡܫܐ	ʔeʃtinwħamʃaː	ʔ/- e/- ʃ -/e t + i n + w + ħ a m -/e ʃ + aː/-	six suff.pl. and five suff.masc.sg.	ʔ/- e/- ʃ -/e t + i n + w + ħ a m -/e ʃ + aː/-	6 10 11 5 16		Noeldeke1904SyriacGrammar;Robinson2013SyriacGrammar
126	Classical_Syriac	sixty five	ܐܫܬܝܢ ܘܚܡܫ	ʔeʃtinwħameʃ	ʔ/- e/- ʃ -/e t + i n + w + ħ a m e ʃ	six suff.pl. and five	ʔ/- e/- ʃ -/e t + i n + w + ħ a m e ʃ	6 10 11 5		Noeldeke1904SyriacGrammar;Robinson2013SyriacGrammar
144	Classical_Syriac	sixty five	ܫܬܝܢ ܘܚܡܫܐ	ʃtinwħamʃaː	ʃ -/e t + i n + w + ħ a m -/e ʃ + aː/-	six suff.pl. and five suff.masc.sg.	ʃ -/e t + i n + w + ħ a m -/e ʃ + aː/-	6 10 11 5 16		Noeldeke1904SyriacGrammar;Robinson2013SyriacGrammar
145	Classical_Syriac	sixty five	ܫܬܝܢ ܘܚܡܫ	ʃtinwħameʃ	ʃ -/e t + i n + w + ħ a m e ʃ	six suff.pl. and five	ʃ -/e t + i n + w + ħ a m e ʃ	6 10 11 5		Noeldeke1904SyriacGrammar;Robinson2013SyriacGrammar
127	Classical_Syriac	sixty six	ܐܫܬܝܢ ܘܫܬܐ	ʔeʃtinwaʃtaː	ʔ/- e/- ʃ -/e t + i n + w a/- + ʃ -/e t + aː/-	six suff.pl. and six suff.masc.sg.	ʔ/- e/- ʃ -/e t + i n + w a/- + ʃ -/e t + aː/-	6 10 11 6 16		Noeldeke1904SyriacGrammar;Robinson2013SyriacGrammar
128	Classical_Syriac	sixty six	ܐܫܬܝܢ ܘܫܬ	ʔeʃtinwʃeθ	ʔ/- e/- ʃ -/e t + i n + w + ʃ e θ/t	six suff.pl. and six	ʔ/- e/- ʃ -/e t + i n + w + ʃ e θ/t	6 10 11 6		Noeldeke1904SyriacGrammar;Robinson2013SyriacGrammar
146	Classical_Syriac	sixty six	ܫܬܝܢ ܘܫܬܐ	ʃtinwaʃtaː	ʃ -/e t + i n + w a/- + ʃ -/e t + aː/-	six suff.pl. and six suff.masc.sg.	ʃ -/e t + i n + w a/- + ʃ -/e t + aː/-	6 10 11 6 16		Noeldeke1904SyriacGrammar;Robinson2013SyriacGrammar
147	Classical_Syriac	sixty six	ܫܬܝܢ ܘܫܬ	ʃtinwʃeθ	ʃ -/e t + i n + w + ʃ e θ/t	six suff.pl. and six	ʃ -/e t + i n + w + ʃ e θ/t	6 10 11 6		Noeldeke1904SyriacGrammar;Robinson2013SyriacGrammar
129	Classical_Syriac	sixty seven	ܐܫܬܝܢ ܘܫܒܥܐ	ʔeʃtinwʃavʕaː	ʔ/- e/- ʃ -/e t + i n + w + ʃ a/- v/b -/a ʕ + aː/-	six suff.pl. and seven suff.masc.sg.	ʔ/- e/- ʃ -/e t + i n + w + ʃ a/- v/b -/a ʕ + aː/-	6 10 11 7 16		Noeldeke1904SyriacGrammar;Robinson2013SyriacGrammar
130	Classical_Syriac	sixty seven	ܐܫܬܝܢ ܘܫܒܥ	ʔeʃtinwaʃvaʕ	ʔ/- e/- ʃ -/e t + i n + w a/- + ʃ v/b a ʕ	six suff.pl. and seven	ʔ/- e/- ʃ -/e t + i n + w a/- + ʃ v/b a ʕ	6 10 11 7		Noeldeke1904SyriacGrammar;Robinson2013SyriacGrammar
148	Classical_Syriac	sixty seven	ܫܬܝܢ ܘܫܒܥܐ	ʃtinwʃavʕaː	ʃ -/e t + i n + w + ʃ a/- v/b -/a ʕ + aː/-	six suff.pl. and seven suff.masc.sg.	ʃ -/e t + i n + w + ʃ a/- v/b -/a ʕ + aː/-	6 10 11 7 16		Noeldeke1904SyriacGrammar;Robinson2013SyriacGrammar
149	Classical_Syriac	sixty seven	ܫܬܝܢ ܘܫܒܥ	ʃtinwaʃvaʕ	ʃ -/e t + i n + w a/- + ʃ v/b a ʕ	six suff.pl. and seven	ʃ -/e t + i n + w a/- + ʃ v/b a ʕ	6 10 11 7		Noeldeke1904SyriacGrammar;Robinson2013SyriacGrammar
131	Classical_Syriac	sixty eight	ܐܫܬܝܢ ܘܬܡܢܝܐ	ʔeʃtinwaθmaːnjaː	ʔ/- e/- ʃ -/e t + i n + w a/- + θ/t m aː n -/e j/- + aː/-	six suff.pl. and eight suff.masc.sg.	ʔ/- e/- ʃ -/e t + i n + w a/- + θ/t m aː n -/e j/- + aː/-	6 10 11 8 16		Noeldeke1904SyriacGrammar;Robinson2013SyriacGrammar
132	Classical_Syriac	sixty eight	ܐܫܬܝܢ ܘܬܡܢܐ	ʔeʃtinwaθmaːne	ʔ/- e/- ʃ -/e t + i n + w a/- + θ/t m aː n e	six suff.pl. and eight	ʔ/- e/- ʃ -/e t + i n + w a/- + θ/t m aː n e	6 10 11 8		Noeldeke1904SyriacGrammar;Robinson2013SyriacGrammar
150	Classical_Syriac	sixty eight	ܫܬܝܢ ܘܬܡܢܝܐ	ʃtinwaθmaːnjaː	ʃ -/e t + i n + w a/- + θ/t m aː n -/e j/- + aː/-	six suff.pl. and eight suff.masc.sg.	ʃ -/e t + i n + w a/- + θ/t m aː n -/e j/- + aː/-	6 10 11 8 16		Noeldeke1904SyriacGrammar;Robinson2013SyriacGrammar
151	Classical_Syriac	sixty eight	ܫܬܝܢ ܘܬܡܢܐ	ʃtinwaθmaːne	ʃ -/e t + i n + w a/- + θ/t m aː n e	six suff.pl. and eight	ʃ -/e t + i n + w a/- + θ/t m aː n e	6 10 11 8		Noeldeke1904SyriacGrammar;Robinson2013SyriacGrammar
133	Classical_Syriac	sixty nine	ܐܫܬܝܢ ܘܬܫܥܐ	ʔeʃtinwteʃʕaː	ʔ/- e/- ʃ -/e t + i n + w + t e/- ʃ -/a ʕ + aː/-	six suff.pl. and nine suff.masc.sg.	ʔ/- e/- ʃ -/e t + i n + w + t e/- ʃ -/a ʕ + aː/-	6 10 11 9 16		Noeldeke1904SyriacGrammar;Robinson2013SyriacGrammar
134	Classical_Syriac	sixty nine	ܐܫܬܝܢ ܘܬܫܥ	ʔeʃtinwaθʃaʕ	ʔ/- e/- ʃ -/e t + i n + w a/- + θ/t ʃ a ʕ	six suff.pl. and nine	ʔ/- e/- ʃ -/e t + i n + w a + θ/t ʃ a ʕ	6 10 11 9		Noeldeke1904SyriacGrammar;Robinson2013SyriacGrammar
152	Classical_Syriac	sixty nine	ܫܬܝܢ ܘܬܫܥܐ	ʃtinwteʃʕaː	ʃ -/e t + i n + w + t e/- ʃ -/a ʕ + aː/-	six suff.pl. and nine suff.masc.sg.	ʃ -/e t + i n + w + t e/- ʃ -/a ʕ + aː/-	6 10 11 9 16		Noeldeke1904SyriacGrammar;Robinson2013SyriacGrammar
153	Classical_Syriac	sixty nine	ܫܬܝܢ ܘܬܫܥ	ʃtinwaθʃaʕ	ʃ -/e t + i n + w a/- + θ/t ʃ a ʕ	six suff.pl. and nine	ʃ -/e t + i n + w a/- + θ/t ʃ a ʕ	6 10 11 9		Noeldeke1904SyriacGrammar;Robinson2013SyriacGrammar
154	Classical_Syriac	seventy	ܫܒܥܝܢ	ʃavʕin	ʃ a/- v/b -/a ʕ + i n	seven suff.pl.	ʃ a/- v/b -/a ʕ + i n	7 10		Noeldeke1904SyriacGrammar;Robinson2013SyriacGrammar
155	Classical_Syriac	seventy one	ܫܒܥܝܢ ܘܚܕ	ʃavʕinwħað	ʃ a/- v/b -/a ʕ + i n + w + ħ a ð/d	seven suff.pl. and one	ʃ a/- v/b -/a ʕ + i n + w + ħ a ð/d	7 10 11 1		Noeldeke1904SyriacGrammar;Robinson2013SyriacGrammar
156	Classical_Syriac	seventy one	ܫܒܥܝܢ ܘܚܕܐ	ʃavʕinwaħðaː	ʃ a/- v/b -/a ʕ + i n + w a/- + ħ -/a ð/d + aː/-	seven suff.pl. and one suff.fem.sg.	ʃ a/- v/b -/a ʕ + i n + w a/- + ħ -/a ð/d + aː/-	7 10 11 1 12		Noeldeke1904SyriacGrammar;Robinson2013SyriacGrammar
157	Classical_Syriac	seventy two	ܫܒܥܝܢ ܘܬܪܝܢ	ʃavʕinwaθren	ʃ a/- v/b -/a ʕ + i n + w a/- + θ/t r e n	seven suff.pl. and two	ʃ a/- v/b -/a ʕ + i n + w a/- + θ/t r e n	7 10 11 2		Noeldeke1904SyriacGrammar;Robinson2013SyriacGrammar
158	Classical_Syriac	seventy two	ܫܒܥܝܢ ܘܬܪܬܝܢ	ʃavʕinwtarten	ʃ a/- v/b -/a ʕ + i n + w + t a/- r t/- e n	seven suff.pl. and two	ʃ a/- v/b -/a ʕ + i n + w + t a/- r t/- e n	7 10 11 2		Noeldeke1904SyriacGrammar;Robinson2013SyriacGrammar
159	Classical_Syriac	seventy three	ܫܒܥܝܢ ܘܬܠܬ݂ܐ	ʃavʕinwaθlaːθaː	ʃ a/- v/b -/a ʕ + i n + w a/- + θ/t l aː θ/t + aː/-	seven suff.pl. and three suff.masc.sg.	ʃ a/- v/b -/a ʕ + i n + w a/- + θ/t l aː θ/t + aː/-	7 10 11 3 16		Noeldeke1904SyriacGrammar;Robinson2013SyriacGrammar
160	Classical_Syriac	seventy three	ܫܒܥܝܢ ܘܬܠܬ݂	ʃavʕinwaθlaːθ	ʃ a/- v/b -/a ʕ + i n + w a/- + θ/t l aː θ/t	seven suff.pl. and three	ʃ a/- v/b -/a ʕ + i n + w a/- + θ/t l aː θ/t	7 10 11 3		Noeldeke1904SyriacGrammar;Robinson2013SyriacGrammar
161	Classical_Syriac	seventy four	ܫܒܥܝܢ ܘܐܪܒܥܐ	ʃavʕinwʔarbʕaː	ʃ a/- v/b -/a ʕ + i n + w + ʔ a r b -/a ʕ + aː/-	seven suff.pl. and four suff.masc.sg.	ʃ a/- v/b -/a ʕ + i n + w + ʔ a r b -/a ʕ + aː/-	7 10 11 4 16		Noeldeke1904SyriacGrammar;Robinson2013SyriacGrammar
162	Classical_Syriac	seventy four	ܫܒܥܝܢ ܘܐܪܒܥ	ʃavʕinwʔarbaʕ	ʃ a/- v/b -/a ʕ + i n + w + ʔ a r b a ʕ	seven suff.pl. and four	ʃ a/- v/b -/a ʕ + i n + w + ʔ a r b a ʕ	7 10 11 4		Noeldeke1904SyriacGrammar;Robinson2013SyriacGrammar
163	Classical_Syriac	seventy five	ܫܒܥܝܢ ܘܚܡܫܐ	ʃavʕinwħamʃaː	ʃ a/- v/b -/a ʕ + i n + w + ħ a m -/e ʃ + aː/-	seven suff.pl. and five suff.masc.sg.	ʃ a/- v/b -/a ʕ + i n + w + ħ a m -/e ʃ + aː/-	7 10 11 5 16		Noeldeke1904SyriacGrammar;Robinson2013SyriacGrammar
164	Classical_Syriac	seventy five	ܫܒܥܝܢ ܘܚܡܫ	ʃavʕinwħameʃ	ʃ a/- v/b -/a ʕ + i n + w + ħ a m e ʃ	seven suff.pl. and five	ʃ a/- v/b -/a ʕ + i n + w + ħ a m e ʃ	7 10 11 5		Noeldeke1904SyriacGrammar;Robinson2013SyriacGrammar
165	Classical_Syriac	seventy six	ܫܒܥܝܢ ܘܫܬܐ	ʃavʕinwaʃtaː	ʃ a/- v/b -/a ʕ + i n + w a/- + ʃ -/e t + aː/-	seven suff.pl. and six suff.masc.sg.	ʃ a/- v/b -/a ʕ + i n + w a/- + ʃ -/e t + aː/-	7 10 11 6 16		Noeldeke1904SyriacGrammar;Robinson2013SyriacGrammar
166	Classical_Syriac	seventy six	ܫܒܥܝܢ ܘܫܬ	ʃavʕinwʃeθ	ʃ a/- v/b -/a ʕ + i n + w + ʃ e θ/t	seven suff.pl. and six	ʃ a/- v/b -/a ʕ + i n + w + ʃ e θ/t	7 10 11 6		Noeldeke1904SyriacGrammar;Robinson2013SyriacGrammar
167	Classical_Syriac	seventy seven	ܫܒܥܝܢ ܘܫܒܥܐ	ʃavʕinwʃavʕaː	ʃ a/- v/b -/a ʕ + i n + w + ʃ a/- v/b -/a ʕ + aː/-	seven suff.pl. and seven suff.masc.sg.	ʃ a/- v/b -/a ʕ + i n + w + ʃ a/- v/b -/a ʕ + aː/-	7 10 11 7 16		Noeldeke1904SyriacGrammar;Robinson2013SyriacGrammar
168	Classical_Syriac	seventy seven	ܫܒܥܝܢ ܘܫܒܥ	ʃavʕinwaʃvaʕ	ʃ a/- v/b -/a ʕ + i n + w a/- + ʃ v/b a ʕ	seven suff.pl. and seven	ʃ a/- v/b -/a ʕ + i n + w a/- + ʃ v/b a ʕ	7 10 11 7		Noeldeke1904SyriacGrammar;Robinson2013SyriacGrammar
169	Classical_Syriac	seventy eight	ܫܒܥܝܢ ܘܬܡܢܝܐ	ʃavʕinwaθmaːnjaː	ʃ a/- v/b -/a ʕ + i n + w a/- + θ/t m aː n -/e j/- + aː/-	seven suff.pl. and eight suff.masc.sg.	ʃ a/- v/b -/a ʕ + i n + w a/- + θ/t m aː n -/e j/- + aː/-	7 10 11 8 16		Noeldeke1904SyriacGrammar;Robinson2013SyriacGrammar
170	Classical_Syriac	seventy eight	ܫܒܥܝܢ ܘܬܡܢܐ	ʃavʕinwaθmaːne	ʃ a/- v/b -/a ʕ + i n + w a/- + θ/t m aː n e	seven suff.pl. and eight	ʃ a/- v/b -/a ʕ + i n + w a/- + θ/t m aː n e	7 10 11 8		Noeldeke1904SyriacGrammar;Robinson2013SyriacGrammar
171	Classical_Syriac	seventy nine	ܫܒܥܝܢ ܘܬܫܥܐ	ʃavʕinwteʃʕaː	ʃ a/- v/b -/a ʕ + i n + w + t e/- ʃ -/a ʕ + aː/-	seven suff.pl. and nine suff.masc.sg.	ʃ a/- v/b -/a ʕ + i n + w + t e/- ʃ -/a ʕ + aː/-	7 10 11 9 16		Noeldeke1904SyriacGrammar;Robinson2013SyriacGrammar
172	Classical_Syriac	seventy nine	ܫܒܥܝܢ ܘܬܫܥ	ʃavʕinwaθʃaʕ	ʃ a/- v/b -/a ʕ + i n + w a/- + θ/t ʃ a ʕ	seven suff.pl. and nine	ʃ a/- v/b -/a ʕ + i n + w a/- + θ/t ʃ a ʕ	7 10 11 9		Noeldeke1904SyriacGrammar;Robinson2013SyriacGrammar
173	Classical_Syriac	eighty	ܬܡܢܝܢ	tmaːnin	t m aː n -/e + i n	eight suff.pl.	t m aː n -/e + i n	8 10		Noeldeke1904SyriacGrammar;Robinson2013SyriacGrammar
174	Classical_Syriac	eighty one	ܬܡܢܝܢ ܘܚܕ	tmaːninwħað	t m aː n -/e + i n + w + ħ a ð/d	eight suff.pl. and one	t m aː n -/e + i n + w + ħ a ð/d	8 10 11 1		Noeldeke1904SyriacGrammar;Robinson2013SyriacGrammar
175	Classical_Syriac	eighty one	ܬܡܢܝܢ ܘܚܕܐ	tmaːninwaħðaː	t m aː n -/e + i n + w a/- + ħ -/a ð/d + aː/-	eight suff.pl. and one suff.fem.sg.	t m aː n -/e + i n + w a/- + ħ -/a ð/d + aː/-	8 10 11 1 12		Noeldeke1904SyriacGrammar;Robinson2013SyriacGrammar
176	Classical_Syriac	eighty two	ܬܡܢܝܢ ܘܬܪܝܢ	tmaːninwaθren	t m aː n -/e + i n + w a/- + θ/t r e n	eight suff.pl. and two	t m aː n -/e + i n + w a/- + θ/t r e n	8 10 11 2		Noeldeke1904SyriacGrammar;Robinson2013SyriacGrammar
177	Classical_Syriac	eighty two	ܬܡܢܝܢ ܘܬܪܬܝܢ	tmaːninwtarten	t m aː n -/e + i n + w + t a/- r t/- e n	eight suff.pl. and two	t m aː n -/e + i n + w + t a/- r t/- e n	8 10 11 2		Noeldeke1904SyriacGrammar;Robinson2013SyriacGrammar
178	Classical_Syriac	eighty three	ܬܡܢܝܢ ܘܬܠܬ݂ܐ	tmaːninwaθlaːθaː	t m aː n -/e + i n + w a/- + θ/t l aː θ/t + aː/-	eight suff.pl. and three suff.masc.sg.	t m aː n -/e + i n + w a/- + θ/t l aː θ/t + aː/-	8 10 11 3 16		Noeldeke1904SyriacGrammar;Robinson2013SyriacGrammar
179	Classical_Syriac	eighty three	ܬܡܢܝܢ ܘܬܠܬ݂	tmaːninwaθlaːθ	t m aː n -/e + i n + w a/- + θ/t l aː θ/t	eight suff.pl. and three	t m aː n -/e + i n + w a/- + θ/t l aː θ/t	8 10 11 3		Noeldeke1904SyriacGrammar;Robinson2013SyriacGrammar
180	Classical_Syriac	eighty four	ܬܡܢܝܢ ܘܐܪܒܥܐ	tmaːninwʔarbʕaː	t m aː n -/e + i n + w + ʔ a r b -/a ʕ + aː/-	eight suff.pl. and four suff.masc.sg.	t m aː n -/e + i n + w + ʔ a r b -/a ʕ + aː/-	8 10 11 4 16		Noeldeke1904SyriacGrammar;Robinson2013SyriacGrammar
181	Classical_Syriac	eighty four	ܬܡܢܝܢ ܘܐܪܒܥ	tmaːninwʔarbaʕ	t m aː n -/e + i n + w + ʔ a r b a ʕ	eight suff.pl. and four	t m aː n -/e + i n + w + ʔ a r b a ʕ	8 10 11 4		Noeldeke1904SyriacGrammar;Robinson2013SyriacGrammar
182	Classical_Syriac	eighty five	ܬܡܢܝܢ ܘܚܡܫܐ	tmaːninwħamʃaː	t m aː n -/e + i n + w + ħ a m -/e ʃ + aː/-	eight suff.pl. and five suff.masc.sg.	t m aː n -/e + i n + w + ħ a m -/e ʃ + aː/-	8 10 11 5 16		Noeldeke1904SyriacGrammar;Robinson2013SyriacGrammar
183	Classical_Syriac	eighty five	ܬܡܢܝܢ ܘܚܡܫ	tmaːninwħameʃ	t m aː n -/e + i n + w + ħ a m e ʃ	eight suff.pl. and five	t m aː n -/e + i n + w + ħ a m e ʃ	8 10 11 5		Noeldeke1904SyriacGrammar;Robinson2013SyriacGrammar
184	Classical_Syriac	eighty six	ܬܡܢܝܢ ܘܫܬܐ	tmaːninwaʃtaː	t m aː n -/e + i n + w a/- + ʃ -/e t + aː/-	eight suff.pl. and six suff.masc.sg.	t m aː n -/e + i n + w a/- + ʃ -/e t + aː/-	8 10 11 6 16		Noeldeke1904SyriacGrammar;Robinson2013SyriacGrammar
185	Classical_Syriac	eighty six	ܬܡܢܝܢ ܘܫܬ	tmaːninwʃeθ	t m aː n -/e + i n + w + ʃ e θ/t	eight suff.pl. and six	t m aː n -/e + i n + w + ʃ e θ/t	8 10 11 6		Noeldeke1904SyriacGrammar;Robinson2013SyriacGrammar
186	Classical_Syriac	eighty seven	ܬܡܢܝܢ ܘܫܒܥܐ	tmaːninwʃavʕaː	t m aː n -/e + i n + w + ʃ a/- v/b -/a ʕ + aː/-	eight suff.pl. and seven suff.masc.sg.	t m aː n -/e + i n + w + ʃ a/- v/b -/a ʕ + aː/-	8 10 11 7 16		Noeldeke1904SyriacGrammar;Robinson2013SyriacGrammar
187	Classical_Syriac	eighty seven	ܬܡܢܝܢ ܘܫܒܥ	tmaːninwaʃvaʕ	t m aː n -/e + i n + w a/- + ʃ v/b a ʕ	eight suff.pl. and seven	t m aː n -/e + i n + w a/- + ʃ v/b a ʕ	8 10 11 7		Noeldeke1904SyriacGrammar;Robinson2013SyriacGrammar
188	Classical_Syriac	eighty eight	ܬܡܢܝܢ ܘܬܡܢܝܐ	tmaːninwaθmaːnjaː	t m aː n -/e + i n + w a/- + θ/t m aː n -/e j/- + aː/-	eight suff.pl. and eight suff.masc.sg.	t m aː n -/e + i n + w a/- + θ/t m aː n -/e j/- + aː/-	8 10 11 8 16		Noeldeke1904SyriacGrammar;Robinson2013SyriacGrammar
189	Classical_Syriac	eighty eight	ܬܡܢܝܢ ܘܬܡܢܐ	tmaːninwaθmaːne	t m aː n -/e + i n + w a/- + θ/t m aː n e	eight suff.pl. and eight	t m aː n -/e + i n + w a/- + θ/t m aː n e	8 10 11 8		Noeldeke1904SyriacGrammar;Robinson2013SyriacGrammar
190	Classical_Syriac	eighty nine	ܬܡܢܝܢ ܘܬܫܥܐ	tmaːninwteʃʕaː	t m aː n -/e + i n + w + t e/- ʃ -/a ʕ + aː/-	eight suff.pl. and nine suff.masc.sg.	t m aː n -/e + i n + w + t e/- ʃ -/a ʕ + aː/-	8 10 11 9 16		Noeldeke1904SyriacGrammar;Robinson2013SyriacGrammar
191	Classical_Syriac	eighty nine	ܬܡܢܝܢ ܘܬܫܥ	tmaːninwaθʃaʕ	t m aː n -/e + i n + w a/- + θ/t ʃ a ʕ	eight suff.pl. and nine	t m aː n -/e + i n + w a/- + θ/t ʃ a ʕ	8 10 11 9		Noeldeke1904SyriacGrammar;Robinson2013SyriacGrammar
192	Classical_Syriac	ninety	ܬܫܥܝܢ	teʃʕin	t e ʃ -/a ʕ + i n	nine suff.pl.	t e ʃ -/a ʕ + i n	9 10		Noeldeke1904SyriacGrammar;Robinson2013SyriacGrammar
193	Classical_Syriac	ninety one	ܬܫܥܝܢ ܘܚܕ	teʃʕinwħað	t e ʃ -/a ʕ + i n + w + ħ a ð/d	nine suff.pl. and one	t e ʃ -/a ʕ + i n + w + ħ a ð/d	9 10 11 1		Noeldeke1904SyriacGrammar;Robinson2013SyriacGrammar
194	Classical_Syriac	ninety one	ܬܫܥܝܢ ܘܚܕܐ	teʃʕinwaħðaː	t e ʃ -/a ʕ + i n + w a/- + ħ -/a ð/d + aː/-	nine suff.pl. and one suff.fem.sg.	t e ʃ -/a ʕ + i n + w a/- + ħ -/a ð/d + aː/-	9 10 11 1 12		Noeldeke1904SyriacGrammar;Robinson2013SyriacGrammar
195	Classical_Syriac	ninety two	ܬܫܥܝܢ ܘܬܪܝܢ	teʃʕinwaθren	t e ʃ -/a ʕ + i n + w a/- + θ/t r e n	nine suff.pl. and two	t e ʃ -/a ʕ + i n + w a/- + θ/t r e n	9 10 11 2		Noeldeke1904SyriacGrammar;Robinson2013SyriacGrammar
196	Classical_Syriac	ninety two	ܬܫܥܝܢ ܘܬܪܬܝܢ	teʃʕinwtarten	t e ʃ -/a ʕ + i n + w + t a/- r t/- e n	nine suff.pl. and two	t e ʃ -/a ʕ + i n + w + t a/- r t/- e n	9 10 11 2		Noeldeke1904SyriacGrammar;Robinson2013SyriacGrammar
197	Classical_Syriac	ninety three	ܬܫܥܝܢ ܘܬܠܬ݂ܐ	teʃʕinwaθlaːθaː	t e ʃ -/a ʕ + i n + w a/- + θ/t l aː θ/t + aː/-	nine suff.pl. and three suff.masc.sg.	t e ʃ -/a ʕ + i n + w a/- + θ/t l aː θ/t + aː/-	9 10 11 3 16		Noeldeke1904SyriacGrammar;Robinson2013SyriacGrammar
198	Classical_Syriac	ninety three	ܬܫܥܝܢ ܘܬܠܬ݂	teʃʕinwaθlaːθ	t e ʃ -/a ʕ + i n + w a/- + θ/t l aː θ/t	nine suff.pl. and three	t e ʃ -/a ʕ + i n + w a/- + θ/t l aː θ/t	9 10 11 3		Noeldeke1904SyriacGrammar;Robinson2013SyriacGrammar
199	Classical_Syriac	ninety four	ܬܫܥܝܢ ܘܐܪܒܥܐ	teʃʕinwʔarbʕaː	t e ʃ -/a ʕ + i n + w + ʔ a r b -/a ʕ + aː/-	nine suff.pl. and four suff.masc.sg.	t e ʃ -/a ʕ + i n + w + ʔ a r b -/a ʕ + aː/-	9 10 11 4 16		Noeldeke1904SyriacGrammar;Robinson2013SyriacGrammar
200	Classical_Syriac	ninety four	ܬܫܥܝܢ ܘܐܪܒܥ	teʃʕinwʔarbaʕ	t e ʃ -/a ʕ + i n + w + ʔ a r b a ʕ	nine suff.pl. and four	t e ʃ -/a ʕ + i n + w + ʔ a r b a ʕ	9 10 11 4		Noeldeke1904SyriacGrammar;Robinson2013SyriacGrammar
201	Classical_Syriac	ninety five	ܬܫܥܝܢ ܘܚܡܫܐ	teʃʕinwħamʃaː	t e ʃ -/a ʕ + i n + w + ħ a m -/e ʃ + aː/-	nine suff.pl. and five suff.masc.sg.	t e ʃ -/a ʕ + i n + w + ħ a m -/e ʃ + aː/-	9 10 11 5 16		Noeldeke1904SyriacGrammar;Robinson2013SyriacGrammar
202	Classical_Syriac	ninety five	ܬܫܥܝܢ ܘܚܡܫ	teʃʕinwħameʃ	t e ʃ -/a ʕ + i n + w + ħ a m e ʃ	nine suff.pl. and five	t e ʃ -/a ʕ + i n + w + ħ a m e ʃ	9 10 11 5		Noeldeke1904SyriacGrammar;Robinson2013SyriacGrammar
203	Classical_Syriac	ninety six	ܬܫܥܝܢ ܘܫܬܐ	teʃʕinwaʃtaː	t e ʃ -/a ʕ + i n + w a/- + ʃ -/e t + aː/-	nine suff.pl. and six suff.masc.sg.	t e ʃ -/a ʕ + i n + w a/- + ʃ -/e t + aː/-	9 10 11 6 16		Noeldeke1904SyriacGrammar;Robinson2013SyriacGrammar
204	Classical_Syriac	ninety six	ܬܫܥܝܢ ܘܫܬ	teʃʕinwʃeθ	t e ʃ -/a ʕ + i n + w + ʃ e θ/t	nine suff.pl. and six	t e ʃ -/a ʕ + i n + w + ʃ e θ/t	9 10 11 6		Noeldeke1904SyriacGrammar;Robinson2013SyriacGrammar
205	Classical_Syriac	ninety seven	ܬܫܥܝܢ ܘܫܒܥܐ	teʃʕinwʃavʕaː	t e ʃ -/a ʕ + i n + w + ʃ a/- v/b -/a ʕ + aː/-	nine suff.pl. and seven suff.masc.sg.	t e ʃ -/a ʕ + i n + w + ʃ a/- v/b -/a ʕ + aː/-	9 10 11 7 16		Noeldeke1904SyriacGrammar;Robinson2013SyriacGrammar
206	Classical_Syriac	ninety seven	ܬܫܥܝܢ ܘܫܒܥ	teʃʕinwaʃvaʕ	t e ʃ -/a ʕ + i n + w a/- + ʃ v/b a ʕ	nine suff.pl. and seven	t e ʃ -/a ʕ + i n + w a/- + ʃ v/b a ʕ	9 10 11 7		Noeldeke1904SyriacGrammar;Robinson2013SyriacGrammar
207	Classical_Syriac	ninety eight	ܬܫܥܝܢ ܘܬܡܢܝܐ	teʃʕinwaθmaːnjaː	t e ʃ -/a ʕ + i n + w a/- + θ/t m aː n -/e j/- + aː/-	nine suff.pl. and eight suff.masc.sg.	t e ʃ -/a ʕ + i n + w a/- + θ/t m aː n -/e j/- + aː/-	9 10 11 8 16		Noeldeke1904SyriacGrammar;Robinson2013SyriacGrammar
208	Classical_Syriac	ninety eight	ܬܫܥܝܢ ܘܬܡܢܐ	teʃʕinwaθmaːne	t e ʃ -/a ʕ + i n + w a/- + θ/t m aː n e	nine suff.pl. and eight	t e ʃ -/a ʕ + i n + w a/- + θ/t m aː n e	9 10 11 8		Noeldeke1904SyriacGrammar;Robinson2013SyriacGrammar
209	Classical_Syriac	ninety nine	ܬܫܥܝܢ ܘܬܫܥܐ	teʃʕinwteʃʕaː	t e ʃ -/a ʕ + i n + w + t e/- ʃ -/a ʕ + aː/-	nine suff.pl. and nine suff.masc.sg.	t e ʃ -/a ʕ + i n + w + t e/- ʃ -/a ʕ + aː/-	9 10 11 9 16		Noeldeke1904SyriacGrammar;Robinson2013SyriacGrammar
210	Classical_Syriac	ninety nine	ܬܫܥܝܢ ܘܬܫܥ	teʃʕinwaθʃaʕ	t e ʃ -/a ʕ + i n + w a/- + θ/t ʃ a ʕ	nine suff.pl. and nine	t e ʃ -/a ʕ + i n + w a/- + θ/t ʃ a ʕ	9 10 11 9		Noeldeke1904SyriacGrammar;Robinson2013SyriacGrammar
